{
  "version": "V1",
  "name": "Tiny SFX Sequencer",
  "resolution": {
    "width": 512,
    "height": 288
  },
  "sprites": {
    "width": 16,
    "height": 16
  },
  "zoom": 2,
  "colors": [
    "#000000",
    "#1D2B53",
    "#7E2553",
    "#008751",
    "#AB5236",
    "#5F574F",
    "#C2C3C7",
    "#FFF1E8",
    "#FF004D",
    "#FFA300",
    "#FFEC27",
    "#00E436",
    "#29ADFF",
    "#83769C",
    "#FF77A8",
    "#FFCCAA"
  ],
  "scripts": [
    "game.lua",
    "mouse.lua",
    "widgets.lua"
  ],
  "spritesheets": [
    "sfx.png"
  ],
  "hideMouseCursor": true
}